﻿<?xml version="1.0" encoding="utf-8"?><resultsList xmlns:ml="http://schemas.mathsoft.com/math50" xmlns:u="http://schemas.mathsoft.com/units10" xmlns="http://schemas.mathsoft.com/result10"><resultData result-id="0" calculation-status="Synchronized" /><resultData result-id="1" calculation-status="Synchronized" /><resultData result-id="2" calculation-status="Synchronized"><ml:Trace2dResult TraceType="Vector"><ml:RangeInfo Min="2" Max="6"><u:unitMonomial><u:unitReference unit="meter" power-numerator="1" power-denominator="1" /></u:unitMonomial></ml:RangeInfo><ml:ResultInfo Min="17792.886461042" Max="44482.216152605"><u:unitMonomial><u:unitReference unit="newton" power-numerator="1" power-denominator="1" /></u:unitMonomial></ml:ResultInfo><ml:Data><ml:RangePoints><ml:DataVectors VectorsType="Columns" Count="1" VectorLength="3" ValuesType="Numeric">[2,2,6]</ml:DataVectors></ml:RangePoints><ml:ResultPoints><ml:DataVectors VectorsType="Columns" Count="1" VectorLength="3" ValuesType="Numeric">[17792.886461042,26689.329691562998,44482.216152605]</ml:DataVectors></ml:ResultPoints></ml:Data></ml:Trace2dResult></resultData></resultsList>