<worksheet msg-id="NoMessage" xmlns:xsi="http://www.w3.org/2001/XMLSchema-instance" xmlns:ve="http://schemas.openxmlformats.org/markup-compatibility/2006" xmlns:r="http://schemas.openxmlformats.org/officeDocument/2006/relationships" xmlns:ws="http://schemas.mathsoft.com/worksheet50" xmlns:ml="http://schemas.mathsoft.com/math50" xmlns:u="http://schemas.mathsoft.com/units10" xmlns:p="http://schemas.mathsoft.com/provenance10" xmlns="http://schemas.mathsoft.com/worksheet50"><regions><region region-id="0" actualWidth="93.736666666666679" actualHeight="130" top="113.38582677165354" left="37.795275590551178"><spec-table><math resultRef="0"><ml:define><ml:id labels="VARIABLE" xml:space="preserve">x</ml:id><ml:apply><ml:scale /><ml:matrix rows="3" cols="1"><ml:real>2</ml:real><ml:real>2</ml:real><ml:real>6</ml:real></ml:matrix><ml:id labels="UNIT" xml:space="preserve">m</ml:id></ml:apply></ml:define></math><math resultRef="1"><ml:define><ml:id labels="VARIABLE" xml:space="preserve">F</ml:id><ml:apply><ml:scale /><ml:matrix rows="3" cols="1"><ml:real>2</ml:real><ml:real>3</ml:real><ml:real>5</ml:real></ml:matrix><ml:id labels="UNIT" xml:space="preserve">tonf</ml:id></ml:apply></ml:define></math></spec-table></region><region region-id="1" height="287.09291338582676" width="343.78582677165355" actualWidth="343.78582677165355" actualHeight="287.09291338582676" top="113.38582677165354" left="188.97637795275588"><plot origin-positioning="true"><xyPlot><title /><legend /><traces><trace resultRef="2"><traceStyle color="#FF00008B" symbol="none" line-weight="1" line-style="Solid">lines</traceStyle></trace></traces><graph-size width="230.4" height="230.4" /><axes><xAxis rank="1" legend-position="PlotBoundaryBottom" start="2" end="6"><axisLine position="bottom" positionticmark="-1" legendWidth="70.8" /><axisGrid><gridFrequency>11</gridFrequency><gridLabels display="true" /><gridLines /><tickMarks display="true" /></axisGrid><axisLabel /><markers /><plotEquations><plotEquation><math><ml:id labels="VARIABLE" label-is-contextual="true" xml:space="preserve">x</ml:id></math><math><ml:placeholder /></math></plotEquation></plotEquations><xyDomain scale-type="linear" auto-scale="true"><startValue><ml:placeholder /></startValue><endValue><ml:placeholder /></endValue></xyDomain></xAxis><yAxis rank="1" legend-position="PlotBoundaryRight" start="17500" end="45000"><axisLine position="left" positionticmark="-1" legendWidth="72.59" /><axisGrid><gridFrequency>12</gridFrequency><gridLabels display="true" /><gridLines /><tickMarks display="true" /></axisGrid><axisLabel /><markers /><plotEquations><plotEquation><math><ml:id labels="VARIABLE" label-is-contextual="true" xml:space="preserve">F</ml:id></math><math><ml:placeholder /></math></plotEquation></plotEquations><xyDomain scale-type="linear" auto-scale="true"><startValue><ml:placeholder /></startValue><endValue><ml:placeholder /></endValue></xyDomain></yAxis></axes></xyPlot></plot></region></regions></worksheet>