﻿<?xml version="1.0" encoding="utf-8"?><presentation xmlns:ws="http://schemas.mathsoft.com/worksheet50" xmlns="http://schemas.ptc.com/mathcad/settings/presentation10"><pageModel paper-code="A4" grid-size="Standard" orientation="Portrait" margin-type="Standard" /><mathRendering><mathStyles><mathStyle name="Variable" font-family="Ptc.Controls.Core;component/Fonts/#Mathcad UniMath Prime" font-size="14.666666666666668" font-weight="Normal" font-style="Italic" color="#FF000000" font-stretch="Normal" /><mathStyle name="Unit" font-family="Ptc.Controls.Core;component/Fonts/#Mathcad UniMath Prime" font-size="14.666666666666668" font-weight="Bold" font-style="Italic" color="#FF00008B" font-stretch="Normal" /><mathStyle name="Constant" font-family="Ptc.Controls.Core;component/Fonts/#Mathcad UniMath Prime" font-size="14.666666666666668" font-weight="Bold" font-style="Italic" color="#FF556B2F" font-stretch="Normal" /><mathStyle name="Function" font-family="Ptc.Controls.Core;component/Fonts/#Mathcad UniMath Prime" font-size="14.666666666666668" font-weight="Normal" font-style="Normal" color="#FF000000" font-stretch="Normal" /><mathStyle name="System" font-family="Ptc.Controls.Core;component/Fonts/#Mathcad UniMath Prime" font-size="14.666666666666668" font-weight="Bold" font-style="Normal" color="#FF000000" font-stretch="Normal" /><mathStyle name="Keyword" font-family="Ptc.Controls.Core;component/Fonts/#Mathcad UniMath Prime" font-size="14.666666666666668" font-weight="Bold" font-style="Normal" color="#FF000000" font-stretch="Normal" /></mathStyles><formatting FontFamily="Mathcad UniMath Prime" FontSize="11" Bold="false" Italic="false" Underline="false" ForegroundColor="#FF000000" BackgroundColor="#00FFFFFF" /><ws:results><general precision="3" show-trailing-zeros="false" radix="dec" zero-threshold="15" imaginary-value="i" exponential-threshold="3" xmlns="http://schemas.mathsoft.com/worksheet50" /><matrix size="12,12" offset="0,0" show-indices="false" expand-nested-arrays="false" xmlns="http://schemas.mathsoft.com/worksheet50" /><ws:unit simplify-units="true" /></ws:results></mathRendering><textRendering ProofingLanguage="es-es"><textStyles><textStyle name="Encabezamiento 1" style-key="Heading 1" based-on-key="" font-family="Tahoma" font-weight="Normal" font-size="21.3333333333333" font-style="Normal" background="#00FFFFFF" foreground="#FF2E3192" marker-style="None" text-indent="0" text-align="Left" /><textStyle name="Encabezamiento 2" style-key="Heading 2" based-on-key="" font-family="Tahoma" font-weight="Normal" font-size="17.3333333333333" font-style="Normal" background="#00FFFFFF" foreground="#FF2E3192" marker-style="None" text-indent="0" text-align="Left" /><textStyle name="Encabezamiento 3" style-key="Heading 3" based-on-key="" font-family="Tahoma" font-weight="Normal" font-size="16" font-style="Normal" background="#00FFFFFF" foreground="#FF2E3192" marker-style="None" text-indent="0" text-align="Left" /><textStyle name="Normal" style-key="Normal" based-on-key="" font-family="Tahoma" font-weight="Normal" font-size="14.666666666666668" font-style="Normal" background="#00FFFFFF" foreground="#FF000000" marker-style="None" text-indent="0" text-align="Left" /><textStyle name="Subtítulo" style-key="Subtitle" based-on-key="" font-family="Tahoma" font-weight="Normal" font-size="24" font-style="Normal" background="#00FFFFFF" foreground="#FF000000" marker-style="None" text-indent="0" text-align="Left" /><textStyle name="Título" style-key="Title" based-on-key="" font-family="Tahoma" font-weight="Normal" font-size="37.3333333333333" font-style="Normal" background="#00FFFFFF" foreground="#FF000000" marker-style="None" text-indent="0" text-align="Left" /><textStyle name="areaLayoutStyle" font-family="Tahoma" font-size="11" font-weight="Normal" font-style="Normal" variants="Normal" background="#00FFFFFF" foreground="#FF000000" margin="0,0,0,0" based-on-key="" style-key="areaLayoutStyle" marker-style="None" text-indent="0" text-align="Left" /><textStyle name="headerLayoutStyle" font-family="Tahoma" font-size="11" font-weight="Normal" font-style="Normal" variants="Normal" background="#00FFFFFF" foreground="#FF000000" margin="0,0,0,0" based-on-key="" style-key="headerLayoutStyle" marker-style="None" text-indent="0" text-align="Left" /><textStyle name="footerLayoutStyle" font-family="Tahoma" font-size="11" font-weight="Normal" font-style="Normal" variants="Normal" background="#00FFFFFF" foreground="#FF000000" margin="0,0,0,0" based-on-key="" style-key="footerLayoutStyle" marker-style="None" text-indent="0" text-align="Left" /></textStyles></textRendering></presentation>