﻿<?xml version="1.0" encoding="utf-8"?><resultsList xmlns:ml="http://schemas.mathsoft.com/math50" xmlns:u="http://schemas.mathsoft.com/units10" xmlns="http://schemas.mathsoft.com/result10"><resultData result-id="0" calculation-status="Synchronized"><ml:result><ml:matrix rows="4" cols="3"><ml:str>mathcad_fem.dll</ml:str><ml:str>mathcad_fem.dll</ml:str><ml:str>mathcad_fem.dll</ml:str><ml:str>mathcad_fem.dll</ml:str><ml:str>fem_frame3d_K</ml:str><ml:str>cantilever_rot</ml:str><ml:str>cantilever_defl</ml:str><ml:str>fem_beam_K</ml:str><ml:functionValue description="Function: Invoke7" /><ml:functionValue description="Function: [mathcad_fem.dll]cantilever_rot" /><ml:functionValue description="Function: [mathcad_fem.dll]cantilever_defl" /><ml:functionValue description="Function: [mathcad_fem.dll]fem_beam_K" /></ml:matrix></ml:result></resultData><resultData result-id="1" calculation-status="Synchronized" /><resultData result-id="2" calculation-status="Synchronized"><ml:result><ml:unitedValue><ml:real>8.333E-06</ml:real><u:unitMonomial><u:unitReference unit="meter" power-numerator="4" power-denominator="1" /></u:unitMonomial></ml:unitedValue></ml:result></resultData><resultData result-id="3" calculation-status="Synchronized"><ml:result><ml:unitedValue><ml:real>0.01</ml:real><u:unitMonomial><u:unitReference unit="meter" power-numerator="2" power-denominator="1" /></u:unitMonomial></ml:unitedValue></ml:result></resultData><resultData result-id="4" calculation-status="Synchronized"><ml:result><ml:unitedValue><ml:real>1</ml:real><u:unitMonomial><u:unitReference unit="liter" power-numerator="1" power-denominator="1" /></u:unitMonomial></ml:unitedValue></ml:result></resultData><resultData result-id="5" calculation-status="Synchronized" /><resultData result-id="6" calculation-status="Synchronized"><ml:result><ml:matrix rows="6" cols="6"><ml:real>700000000</ml:real><ml:real>0</ml:real><ml:real>0</ml:real><ml:real>-700000000</ml:real><ml:real>0</ml:real><ml:real>0</ml:real><ml:real>0</ml:real><ml:real>777746.66666666663</ml:real><ml:real>1166620</ml:real><ml:real>0</ml:real><ml:real>-777746.66666666663</ml:real><ml:real>1166620</ml:real><ml:real>0</ml:real><ml:real>1166620</ml:real><ml:real>2333240</ml:real><ml:real>0</ml:real><ml:real>-1166620</ml:real><ml:real>1166620</ml:real><ml:real>-700000000</ml:real><ml:real>0</ml:real><ml:real>0</ml:real><ml:real>700000000</ml:real><ml:real>0</ml:real><ml:real>0</ml:real><ml:real>0</ml:real><ml:real>-777746.66666666663</ml:real><ml:real>-1166620</ml:real><ml:real>0</ml:real><ml:real>777746.66666666663</ml:real><ml:real>-1166620</ml:real><ml:real>0</ml:real><ml:real>1166620</ml:real><ml:real>1166620</ml:real><ml:real>0</ml:real><ml:real>-1166620</ml:real><ml:real>2333240</ml:real></ml:matrix></ml:result></resultData><resultData result-id="7" calculation-status="Synchronized"><ml:result><ml:real>0.0051430628653717581</ml:real></ml:result></resultData></resultsList>