<worksheet msg-id="NoMessage" xmlns:xsi="http://www.w3.org/2001/XMLSchema-instance" xmlns:ve="http://schemas.openxmlformats.org/markup-compatibility/2006" xmlns:r="http://schemas.openxmlformats.org/officeDocument/2006/relationships" xmlns:ws="http://schemas.mathsoft.com/worksheet50" xmlns:ml="http://schemas.mathsoft.com/math50" xmlns:u="http://schemas.mathsoft.com/units10" xmlns:p="http://schemas.mathsoft.com/provenance10" xmlns="http://schemas.mathsoft.com/worksheet50"><regions><region region-id="0" actualWidth="550.33166666666671" actualHeight="62.2" top="94.488188976377941" left="18.897637795275589"><math resultRef="0"><ml:eval><ml:id labels="SYSTEM" label-is-contextual="true" xml:space="preserve">CustomFunctions</ml:id><ml:unitOverride><ml:placeholder /></ml:unitOverride></ml:eval><formattingOverride FontSize="8" /></math></region><region region-id="1" actualWidth="72.923333333333346" actualHeight="20.8" top="170.0787401574803" left="37.795275590551178"><math resultRef="1"><ml:define><ml:id labels="VARIABLE" xml:space="preserve">E</ml:id><ml:apply><ml:scale /><ml:real>210</ml:real><ml:id labels="UNIT" label-is-contextual="true" xml:space="preserve">GPa</ml:id></ml:apply></ml:define><formattingOverride FontSize="8" /></math></region><region region-id="2" actualWidth="115.41" actualHeight="22.362666666666666" top="170.0787401574803" left="188.97637795275588"><math resultRef="2"><ml:define><ml:id labels="VARIABLE" xml:space="preserve">I</ml:id><ml:eval><ml:apply><ml:scale /><ml:real>833.3</ml:real><ml:apply><ml:pow /><ml:id labels="UNIT" label-is-contextual="true" xml:space="preserve">cm</ml:id><ml:real>4</ml:real></ml:apply></ml:apply><ml:unitOverride><ml:placeholder /></ml:unitOverride></ml:eval></ml:define><resultFormat><decimal precision="3" show-trailing-zeros="false" radix="dec" imaginary-value="i" /></resultFormat><formattingOverride FontSize="8" /></math></region><region region-id="3" actualWidth="124.29666666666668" actualHeight="22.362666666666666" top="207.87401574803147" left="37.795275590551178"><math resultRef="3"><ml:define><ml:id labels="VARIABLE" xml:space="preserve">A</ml:id><ml:eval><ml:apply><ml:scale /><ml:real>100</ml:real><ml:apply><ml:pow /><ml:id labels="UNIT" label-is-contextual="true" xml:space="preserve">cm</ml:id><ml:real>2</ml:real></ml:apply></ml:apply><ml:unitOverride><ml:placeholder /></ml:unitOverride></ml:eval></ml:define><resultFormat><matrix size="12,12" offset="0,0" show-indices="false" expand-nested-arrays="false" /></resultFormat><formattingOverride FontSize="8" /></math></region><region region-id="4" actualWidth="47.706666666666663" actualHeight="20.8" top="207.87401574803147" left="226.77165354330708"><math resultRef="4"><ml:define><ml:id labels="VARIABLE" xml:space="preserve">L</ml:id><ml:apply><ml:scale /><ml:real>3</ml:real><ml:id labels="UNIT" label-is-contextual="true" xml:space="preserve">m</ml:id></ml:apply></ml:define><formattingOverride FontSize="8" /></math></region><region region-id="5" actualWidth="64.583333333333343" actualHeight="20.8" top="245.66929133858267" left="37.795275590551178"><math resultRef="5"><ml:define><ml:id labels="VARIABLE" xml:space="preserve">P</ml:id><ml:apply><ml:scale /><ml:real>1000</ml:real><ml:id labels="UNIT" label-is-contextual="true" xml:space="preserve">N</ml:id></ml:apply></ml:define><formattingOverride FontSize="8" /></math></region><region region-id="6" actualWidth="552.18500000000006" actualHeight="89.800000000000011" top="302.36220472440942" left="18.897637795275589"><math resultRef="6"><ml:eval><ml:apply><ml:id labels="FUNCTION" label-is-contextual="true" xml:space="preserve">fem_beam_K</ml:id><ml:sequence><ml:id labels="VARIABLE" label-is-contextual="true" xml:space="preserve">E</ml:id><ml:id labels="VARIABLE" label-is-contextual="true" xml:space="preserve">A</ml:id><ml:id labels="VARIABLE" label-is-contextual="true" xml:space="preserve">I</ml:id><ml:id labels="VARIABLE" label-is-contextual="true" xml:space="preserve">L</ml:id></ml:sequence></ml:apply><ml:unitOverride><ml:placeholder /></ml:unitOverride></ml:eval><resultFormat><decimal precision="3" show-trailing-zeros="false" radix="dec" imaginary-value="i" /></resultFormat><formattingOverride FontSize="8" /></math></region><region region-id="7" actualWidth="197.16833333333335" actualHeight="20.800000000000004" top="377.95275590551176" left="18.897637795275589"><math resultRef="7"><ml:eval><ml:apply><ml:id labels="FUNCTION" label-is-contextual="true" xml:space="preserve">cantilever_defl</ml:id><ml:sequence><ml:id labels="VARIABLE" label-is-contextual="true" xml:space="preserve">P</ml:id><ml:id labels="VARIABLE" label-is-contextual="true" xml:space="preserve">L</ml:id><ml:id labels="VARIABLE" label-is-contextual="true" xml:space="preserve">E</ml:id><ml:id labels="VARIABLE" label-is-contextual="true" xml:space="preserve">I</ml:id></ml:sequence></ml:apply><ml:unitOverride><ml:placeholder /></ml:unitOverride></ml:eval><resultFormat><general precision="5" show-trailing-zeros="false" radix="dec" zero-threshold="15" imaginary-value="i" exponential-threshold="3" /></resultFormat><formattingOverride FontSize="8" /></math></region></regions></worksheet>