﻿<?xml version="1.0" encoding="utf-8"?><resultsList xmlns:ml="http://schemas.mathsoft.com/math50" xmlns:u="http://schemas.mathsoft.com/units10" xmlns="http://schemas.mathsoft.com/result10"><resultData result-id="0" calculation-status="Synchronized" /><resultData result-id="1" calculation-status="Synchronized" /><resultData result-id="2" calculation-status="Synchronized" /><resultData result-id="3" calculation-status="Synchronized" /><resultData result-id="4" calculation-status="Synchronized" /><resultData result-id="5" calculation-status="Synchronized" /><resultData result-id="6" calculation-status="Synchronized" /><resultData result-id="7" calculation-status="Synchronized" /><resultData result-id="8" calculation-status="Synchronized"><ml:result><ml:real>0.99999999999999978</ml:real></ml:result></resultData><resultData result-id="9" calculation-status="Synchronized" /><resultData result-id="10" calculation-status="Synchronized" /><resultData result-id="11" calculation-status="Synchronized" /><resultData result-id="12" calculation-status="Synchronized" /><resultData result-id="13" calculation-status="Synchronized" /><resultData result-id="14" calculation-status="Synchronized" /><resultData result-id="15" calculation-status="Synchronized" /><resultData result-id="16" calculation-status="Synchronized"><ml:result><ml:real>0</ml:real></ml:result></resultData></resultsList>