<worksheet msg-id="NoMessage" xmlns:xsi="http://www.w3.org/2001/XMLSchema-instance" xmlns:ve="http://schemas.openxmlformats.org/markup-compatibility/2006" xmlns:r="http://schemas.openxmlformats.org/officeDocument/2006/relationships" xmlns:ws="http://schemas.mathsoft.com/worksheet50" xmlns:ml="http://schemas.mathsoft.com/math50" xmlns:u="http://schemas.mathsoft.com/units10" xmlns:p="http://schemas.mathsoft.com/provenance10" xmlns="http://schemas.mathsoft.com/worksheet50"><regions><region region-id="0" width="623.481481481481" actualWidth="623.481481481481" actualHeight="17.6" top="18.897637795275589" left="18.897637795275589"><text item-idref="R645d2825ee1b4e72"><FlowDocument FontFamily="Euclid" FontStyle="Normal" FontWeight="Normal" FontSize="14.6666666666667" Foreground="#FF000000" Background="#FFFFF9CB" TextAlignment="Left" xml:lang="es-es" Typography.Variants="Normal" xmlns="http://schemas.microsoft.com/winfx/2006/xaml/presentation" /></text></region><region region-id="1" width="622.666666666667" actualWidth="622.666666666667" actualHeight="17.6" top="56.692913385829087" left="18.897637795275589"><text item-idref="R90967360c25f4623"><FlowDocument FontFamily="Euclid" FontStyle="Normal" FontWeight="Normal" FontSize="14.6666666666667" Foreground="#FF000000" Background="#FFEDCBCA" TextAlignment="Left" xml:lang="es-es" Typography.Variants="Normal" xmlns="http://schemas.microsoft.com/winfx/2006/xaml/presentation" /></text></region><region region-id="2" width="590.095238095238" actualWidth="590.095238095238" actualHeight="17.6" top="94.48818897637895" left="18.897637795275589"><text item-idref="Rc762d099c34944f5"><FlowDocument FontFamily="Euclid" FontStyle="Normal" FontWeight="Normal" FontSize="14.6666666666667" Foreground="#FF000000" Background="#00FFFFFF" TextAlignment="Left" xml:lang="es-es" Typography.Variants="Normal" xmlns="http://schemas.microsoft.com/winfx/2006/xaml/presentation" /></text></region><region region-id="3" height="224.39745059614" width="329.534717658668" actualWidth="329.534717658668" actualHeight="224.39745059614" top="113.38582677165388" left="18.897637795275589"><picture><png item-idref="R97a305d962874e60" display-width="329.534717658668" display-height="224.39745059614" /></picture></region><region region-id="4" width="200" actualWidth="200" actualHeight="17.6" top="377.95275590551387" left="18.897637795275589"><text item-idref="R6c283593dfda4538"><FlowDocument FontFamily="Euclid" FontStyle="Normal" FontWeight="Normal" FontSize="14.6666666666667" Foreground="#FF000000" Background="#FFE2E3E4" TextAlignment="Left" xml:lang="es-es" Typography.Variants="Normal" xmlns="http://schemas.microsoft.com/winfx/2006/xaml/presentation" /></text></region><region region-id="5" actualWidth="155.27333333333334" actualHeight="47.2" top="377.95275590551387" left="236.22047244094486"><math resultRef="0"><ml:define><ml:id labels="VARIABLE" xml:space="preserve">K</ml:id><ml:apply><ml:scale /><ml:real>1766.568</ml:real><ml:apply><ml:div /><ml:id labels="UNIT" xml:space="preserve">tonnef</ml:id><ml:id labels="UNIT" xml:space="preserve">m</ml:id></ml:apply></ml:apply></ml:define><resultFormat><matrix size="12,12" offset="0,0" show-indices="false" expand-nested-arrays="false" /></resultFormat></math></region><region region-id="6" width="200" actualWidth="200" actualHeight="17.6" top="434.64566929133866" left="18.897637795275589"><text item-idref="R5937546984d24361"><FlowDocument FontFamily="Euclid" FontStyle="Normal" FontWeight="Normal" FontSize="14.6666666666667" Foreground="#FF000000" Background="#FFE2E3E4" TextAlignment="Left" xml:lang="es-es" Typography.Variants="Normal" xmlns="http://schemas.microsoft.com/winfx/2006/xaml/presentation" /></text></region><region region-id="7" actualWidth="158.52333333333334" actualHeight="49.352000000000004" top="434.64566929133866" left="236.22047244094486"><math resultRef="1"><ml:define><ml:id labels="VARIABLE" xml:space="preserve">M</ml:id><ml:apply><ml:mult /><ml:apply><ml:scale /><ml:real>3.877</ml:real><ml:id labels="UNIT" xml:space="preserve">tonnef</ml:id></ml:apply><ml:apply><ml:div /><ml:apply><ml:pow /><ml:id labels="UNIT" xml:space="preserve">s</ml:id><ml:real>2</ml:real></ml:apply><ml:id labels="UNIT" xml:space="preserve">m</ml:id></ml:apply></ml:apply></ml:define><resultFormat><matrix size="12,12" offset="0,0" show-indices="false" expand-nested-arrays="false" /></resultFormat></math></region><region region-id="8" width="200" actualWidth="200" actualHeight="17.6" top="481.88976377952781" left="18.897637795275589"><text item-idref="R7daafa4e52514fb0"><FlowDocument FontFamily="Euclid" FontStyle="Normal" FontWeight="Normal" FontSize="14.6666666666667" Foreground="#FF000000" Background="#FFE2E3E4" TextAlignment="Left" xml:lang="es-es" Typography.Variants="Normal" xmlns="http://schemas.microsoft.com/winfx/2006/xaml/presentation" /></text></region><region region-id="9" actualWidth="56.27" actualHeight="27.791200000000003" top="519.68503937008131" left="18.897637795275589"><math resultRef="2"><ml:define><ml:id labels="VARIABLE" xml:space="preserve"><Span xmlns="http://schemas.microsoft.com/winfx/2006/xaml/presentation" xmlns:pw="clr-namespace:Ptc.Wpf;assembly=Ptc.Core">t<pw:Subscript>0</pw:Subscript></Span></ml:id><ml:apply><ml:scale /><ml:real>0</ml:real><ml:id labels="UNIT" label-is-contextual="true" xml:space="preserve">s</ml:id></ml:apply></ml:define><resultFormat><matrix size="12,12" offset="0,0" show-indices="false" expand-nested-arrays="false" /></resultFormat></math></region><region region-id="10" actualWidth="73.413333333333341" actualHeight="27.791200000000003" top="519.68503937008131" left="132.28346456692913"><math resultRef="3"><ml:define><ml:id labels="VARIABLE" xml:space="preserve"><Span xmlns="http://schemas.microsoft.com/winfx/2006/xaml/presentation" xmlns:pw="clr-namespace:Ptc.Wpf;assembly=Ptc.Core">x<pw:Subscript>0</pw:Subscript></Span></ml:id><ml:apply><ml:scale /><ml:real>5</ml:real><ml:id labels="UNIT" label-is-contextual="true" xml:space="preserve">cm</ml:id></ml:apply></ml:define><resultFormat><matrix size="12,12" offset="0,0" show-indices="false" expand-nested-arrays="false" /></resultFormat></math></region><region region-id="11" actualWidth="70.76666666666668" actualHeight="47.2" top="519.68503937008131" left="264.5669291338582"><math resultRef="4"><ml:define><ml:id labels="VARIABLE" xml:space="preserve"><Span xmlns="http://schemas.microsoft.com/winfx/2006/xaml/presentation" xmlns:pw="clr-namespace:Ptc.Wpf;assembly=Ptc.Core">v<pw:Subscript>0</pw:Subscript></Span></ml:id><ml:apply><ml:scale /><ml:real>0</ml:real><ml:apply><ml:div /><ml:id labels="UNIT" xml:space="preserve">m</ml:id><ml:id labels="UNIT" label-is-contextual="true" xml:space="preserve">s</ml:id></ml:apply></ml:apply></ml:define><resultFormat><matrix size="12,12" offset="0,0" show-indices="false" expand-nested-arrays="false" /></resultFormat></math></region><region region-id="12" width="200" actualWidth="200" actualHeight="17.6" top="557.48031496063118" left="18.897637795275589"><text item-idref="R73614c145a8c4bb7"><FlowDocument FontFamily="Euclid" FontStyle="Normal" FontWeight="Normal" FontSize="14.6666666666667" Foreground="#FF000000" Background="#FFE2E3E4" TextAlignment="Left" xml:lang="es-es" Typography.Variants="Normal" xmlns="http://schemas.microsoft.com/winfx/2006/xaml/presentation" /></text></region><region region-id="13" actualWidth="132.76000000000002" actualHeight="25.6" top="595.275590551181" left="18.897637795275589"><math resultRef="5"><ml:define><ml:id labels="VARIABLE" xml:space="preserve">t'</ml:id><ml:range><ml:sequence><ml:apply><ml:scale /><ml:real>0</ml:real><ml:id labels="UNIT" label-is-contextual="true" xml:space="preserve">s</ml:id></ml:apply><ml:apply><ml:scale /><ml:real>0.01</ml:real><ml:id labels="UNIT" label-is-contextual="true" xml:space="preserve">s</ml:id></ml:apply></ml:sequence><ml:apply><ml:scale /><ml:real>2</ml:real><ml:id labels="UNIT" label-is-contextual="true" xml:space="preserve">s</ml:id></ml:apply></ml:range></ml:define><resultFormat><matrix size="12,12" offset="0,0" show-indices="false" expand-nested-arrays="false" /></resultFormat></math></region><region region-id="14" width="333.64705882353" actualWidth="333.64705882353" actualHeight="17.6" top="963.779527559055" left="18.897637795275589"><text item-idref="R2f2327ec8aba43d5"><FlowDocument FontFamily="Euclid" FontStyle="Normal" FontWeight="Normal" FontSize="14.6666666666667" Foreground="#FF000000" Background="#00FFFFFF" TextAlignment="Left" xml:lang="en-us" Typography.Variants="Normal" xmlns="http://schemas.microsoft.com/winfx/2006/xaml/presentation" /></text></region><region region-id="15" height="399.91662806855" width="488.485873089393" actualWidth="488.485873089393" actualHeight="399.91662806855" top="982.67716535433067" left="18.897637795275589"><solveblock><regions><region region-id="16" width="200" actualWidth="200" actualHeight="17.6" top="18.8976377952756" left="18.8976377952756"><text item-idref="Rf6450e5568714807"><FlowDocument FontFamily="Euclid" FontStyle="Normal" FontWeight="Normal" FontSize="14.6666666666667" Foreground="#FF000000" Background="#00FFFFFF" TextAlignment="Left" xml:lang="en-us" Typography.Variants="Normal" xmlns="http://schemas.microsoft.com/winfx/2006/xaml/presentation" /></text></region><region region-id="17" height="131.048885615069" width="404.731088722782" actualWidth="404.731088722782" actualHeight="131.048885615069" top="37.7952755905512" left="18.8976377952756"><picture><png item-idref="R8dbd98e9b21e4de9" display-width="404.731088722782" display-height="131.048885615069" /></picture></region><region region-id="18" width="200" actualWidth="200" actualHeight="17.6" top="207.874015748031" left="18.8976377952756"><text item-idref="R9387a0e074b24b3c"><FlowDocument FontFamily="Euclid" FontStyle="Normal" FontWeight="Normal" FontSize="14.6666666666667" Foreground="#FF000000" Background="#00FFFFFF" TextAlignment="Left" xml:lang="en-us" Typography.Variants="Normal" xmlns="http://schemas.microsoft.com/winfx/2006/xaml/presentation" /></text></region><region region-id="19" actualWidth="164.80333333333331" actualHeight="27.791200000000003" top="245.669291338583" left="18.8976377952756" solve-block-category="constraint"><math resultRef="6"><ml:apply><ml:equal /><ml:apply><ml:plus /><ml:apply><ml:mult /><ml:id xml:space="preserve">M</ml:id><ml:apply><ml:apply><ml:functionDerivative /><ml:apply><ml:functionDerivative /><ml:id xml:space="preserve"><Span xmlns="http://schemas.microsoft.com/winfx/2006/xaml/presentation" xmlns:pw="clr-namespace:Ptc.Wpf;assembly=Ptc.Core">x<pw:Subscript>a</pw:Subscript></Span></ml:id></ml:apply></ml:apply><ml:id xml:space="preserve">t</ml:id></ml:apply></ml:apply><ml:apply><ml:mult /><ml:id xml:space="preserve">K</ml:id><ml:apply><ml:id xml:space="preserve"><Span xmlns="http://schemas.microsoft.com/winfx/2006/xaml/presentation" xmlns:pw="clr-namespace:Ptc.Wpf;assembly=Ptc.Core">x<pw:Subscript>a</pw:Subscript></Span></ml:id><ml:id xml:space="preserve">t</ml:id></ml:apply></ml:apply></ml:apply><ml:real>0</ml:real></ml:apply><resultFormat><matrix size="12,12" offset="0,0" show-indices="false" expand-nested-arrays="false" /></resultFormat></math></region><region region-id="20" actualWidth="77.123333333333335" actualHeight="27.791200000000003" top="283.464566929134" left="18.8976377952756" solve-block-category="constraint"><math resultRef="7"><ml:apply><ml:equal /><ml:apply><ml:id xml:space="preserve"><Span xmlns="http://schemas.microsoft.com/winfx/2006/xaml/presentation" xmlns:pw="clr-namespace:Ptc.Wpf;assembly=Ptc.Core">x<pw:Subscript>a</pw:Subscript></Span></ml:id><ml:id labels="VARIABLE" xml:space="preserve"><Span xmlns="http://schemas.microsoft.com/winfx/2006/xaml/presentation" xmlns:pw="clr-namespace:Ptc.Wpf;assembly=Ptc.Core">t<pw:Subscript>0</pw:Subscript></Span></ml:id></ml:apply><ml:id labels="VARIABLE" xml:space="preserve"><Span xmlns="http://schemas.microsoft.com/winfx/2006/xaml/presentation" xmlns:pw="clr-namespace:Ptc.Wpf;assembly=Ptc.Core">x<pw:Subscript>0</pw:Subscript></Span></ml:id></ml:apply><resultFormat><matrix size="12,12" offset="0,0" show-indices="false" expand-nested-arrays="false" /></resultFormat></math></region><region region-id="21" actualWidth="79.97" actualHeight="27.791200000000003" top="321.259842519685" left="18.8976377952756" solve-block-category="constraint"><math resultRef="8"><ml:apply><ml:equal /><ml:apply><ml:apply><ml:functionDerivative /><ml:id xml:space="preserve"><Span xmlns="http://schemas.microsoft.com/winfx/2006/xaml/presentation" xmlns:pw="clr-namespace:Ptc.Wpf;assembly=Ptc.Core">x<pw:Subscript>a</pw:Subscript></Span></ml:id></ml:apply><ml:id labels="VARIABLE" xml:space="preserve"><Span xmlns="http://schemas.microsoft.com/winfx/2006/xaml/presentation" xmlns:pw="clr-namespace:Ptc.Wpf;assembly=Ptc.Core">t<pw:Subscript>0</pw:Subscript></Span></ml:id></ml:apply><ml:id labels="VARIABLE" xml:space="preserve"><Span xmlns="http://schemas.microsoft.com/winfx/2006/xaml/presentation" xmlns:pw="clr-namespace:Ptc.Wpf;assembly=Ptc.Core">v<pw:Subscript>0</pw:Subscript></Span></ml:id></ml:apply><resultFormat><matrix size="12,12" offset="0,0" show-indices="false" expand-nested-arrays="false" /></resultFormat></math></region><region region-id="22" actualWidth="176.51666666666668" actualHeight="27.791200000000003" top="377.952755905512" left="18.8976377952756" solve-block-category="solver"><math resultRef="9"><ml:define><ml:id labels="VARIABLE" xml:space="preserve"><Span xmlns="http://schemas.microsoft.com/winfx/2006/xaml/presentation" xmlns:pw="clr-namespace:Ptc.Wpf;assembly=Ptc.Core">x<pw:Subscript>a</pw:Subscript></Span></ml:id><ml:apply><ml:id labels="KEYWORD" algorithm="" xml:space="preserve">odesolve</ml:id><ml:sequence><ml:apply><ml:id xml:space="preserve"><Span xmlns="http://schemas.microsoft.com/winfx/2006/xaml/presentation" xmlns:pw="clr-namespace:Ptc.Wpf;assembly=Ptc.Core">x<pw:Subscript>a</pw:Subscript></Span></ml:id><ml:id xml:space="preserve">t</ml:id></ml:apply><ml:apply><ml:scale /><ml:real>2</ml:real><ml:id labels="UNIT" label-is-contextual="true" xml:space="preserve">s</ml:id></ml:apply></ml:sequence></ml:apply></ml:define><resultFormat><matrix size="12,12" offset="0,0" show-indices="false" expand-nested-arrays="false" /></resultFormat></math></region></regions></solveblock></region><region region-id="23" height="243.84" width="444.16" actualWidth="444.16" actualHeight="243.84" top="1398.4251968503936" left="0"><chartComponent resultRef="16"><regions><region region-id="24" actualWidth="0" actualHeight="0" top="37.795275590551178" left="28.346456692913385"><math resultRef="10"><ml:define><ml:apply><ml:indexer /><ml:id labels="*" xml:space="preserve">X</ml:id><ml:real>1</ml:real></ml:apply><ml:id labels="VARIABLE" label-is-contextual="true" xml:space="preserve">t'</ml:id></ml:define><resultFormat><matrix size="12,12" offset="0,0" show-indices="false" expand-nested-arrays="false" /></resultFormat></math></region><region region-id="25" actualWidth="0" actualHeight="0" top="37.795275590551178" left="103.93700787401573"><math resultRef="11"><ml:define><ml:apply><ml:indexer /><ml:id labels="*" xml:space="preserve">Y</ml:id><ml:real>1</ml:real></ml:apply><ml:apply><ml:div /><ml:apply><ml:id labels="VARIABLE" label-is-contextual="true" xml:space="preserve"><Span xmlns="http://schemas.microsoft.com/winfx/2006/xaml/presentation" xmlns:pw="clr-namespace:Ptc.Wpf;assembly=Ptc.Core">x<pw:Subscript>a</pw:Subscript></Span></ml:id><ml:id labels="VARIABLE" xml:space="preserve">t'</ml:id></ml:apply><ml:id labels="UNIT" label-is-contextual="true" xml:space="preserve">mm</ml:id></ml:apply></ml:define><resultFormat><matrix size="12,12" offset="0,0" show-indices="false" expand-nested-arrays="false" /></resultFormat></math></region><region region-id="26" actualWidth="0" actualHeight="0" top="37.795275590551178" left="226.77165354330708"><math resultRef="12"><ml:define><ml:apply><ml:indexer /><ml:id labels="*" xml:space="preserve">X</ml:id><ml:real>2</ml:real></ml:apply><ml:id labels="VARIABLE" label-is-contextual="true" xml:space="preserve">t'</ml:id></ml:define><resultFormat><matrix size="12,12" offset="0,0" show-indices="false" expand-nested-arrays="false" /></resultFormat></math></region><region region-id="27" actualWidth="0" actualHeight="0" top="37.795275590551178" left="321.25984251968504"><math resultRef="13"><ml:define><ml:apply><ml:indexer /><ml:id labels="*" xml:space="preserve">Y</ml:id><ml:real>2</ml:real></ml:apply><ml:apply><ml:div /><ml:apply><ml:apply><ml:functionDerivative /><ml:id labels="VARIABLE" label-is-contextual="true" xml:space="preserve"><Span xmlns="http://schemas.microsoft.com/winfx/2006/xaml/presentation" xmlns:pw="clr-namespace:Ptc.Wpf;assembly=Ptc.Core">x<pw:Subscript>a</pw:Subscript></Span></ml:id></ml:apply><ml:id labels="VARIABLE" xml:space="preserve">t'</ml:id></ml:apply><ml:parens><ml:apply><ml:div /><ml:id labels="UNIT" label-is-contextual="true" xml:space="preserve">cm</ml:id><ml:apply><ml:pow /><ml:id labels="UNIT" label-is-contextual="true" xml:space="preserve">s</ml:id><ml:real>2</ml:real></ml:apply></ml:apply></ml:parens></ml:apply></ml:define><resultFormat><matrix size="12,12" offset="0,0" show-indices="false" expand-nested-arrays="false" /></resultFormat></math></region><region region-id="28" actualWidth="0" actualHeight="0" top="132.28346456692904" left="226.77165354330694"><math resultRef="14"><ml:define><ml:apply><ml:indexer /><ml:id labels="*" xml:space="preserve">X</ml:id><ml:real>3</ml:real></ml:apply><ml:id labels="VARIABLE" label-is-contextual="true" xml:space="preserve">t'</ml:id></ml:define><resultFormat><matrix size="12,12" offset="0,0" show-indices="false" expand-nested-arrays="false" /></resultFormat></math></region><region region-id="29" actualWidth="0" actualHeight="0" top="132.28346456692904" left="321.25984251968487"><math resultRef="15"><ml:define><ml:apply><ml:indexer /><ml:id labels="*" xml:space="preserve">Y</ml:id><ml:real>3</ml:real></ml:apply><ml:apply><ml:div /><ml:apply><ml:apply><ml:functionDerivative /><ml:apply><ml:functionDerivative /><ml:id labels="VARIABLE" label-is-contextual="true" xml:space="preserve"><Span xmlns="http://schemas.microsoft.com/winfx/2006/xaml/presentation" xmlns:pw="clr-namespace:Ptc.Wpf;assembly=Ptc.Core">x<pw:Subscript>a</pw:Subscript></Span></ml:id></ml:apply></ml:apply><ml:id labels="VARIABLE" label-is-contextual="true" xml:space="preserve">t'</ml:id></ml:apply><ml:parens><ml:apply><ml:div /><ml:id labels="UNIT" label-is-contextual="true" xml:space="preserve">m</ml:id><ml:id labels="UNIT" label-is-contextual="true" xml:space="preserve">s</ml:id></ml:apply></ml:parens></ml:apply></ml:define><resultFormat><matrix size="12,12" offset="0,0" show-indices="false" expand-nested-arrays="false" /></resultFormat></math></region><region region-id="30" height="243.84" width="444.16" actualWidth="444.16" actualHeight="243.84" top="188.9763779527558" left="0"><chartOleObject item-idref="R96db60b45ccb4d65"><OleViewportSize width="443.187401574803" height="244.8" /><SizeInPixels width="899" height="494" /></chartOleObject></region></regions><InputSection Visibility="Collapsed" Height="188.97637795275577" /></chartComponent></region><region region-id="31" height="35.1413879448485" width="231.755229357798" actualWidth="231.755229357798" actualHeight="35.1413879448485" top="1474.0157480314958" left="434.64566929133855"><picture><png item-idref="Rf7c6adef981a4c83" display-width="231.755229357798" display-height="35.1413879448485" /></picture></region><region region-id="32" height="63.2497184435305" width="234.158532110092" actualWidth="234.158532110092" actualHeight="63.2497184435305" top="1530.7086614173227" left="434.64566929133855"><picture><png item-idref="Rf57ace9df1314444" display-width="234.158532110092" display-height="63.2497184435305" /></picture></region></regions></worksheet>